çëåÍ,êîäw,âπäy
52,45,55
49,53,47
61,55,53
34,36,56
39,35,54
61,49,61
50,51,52
46,58,40
45,51,45
56,59,45
47,42,66
40,48,42
58,60,44
53,40,48
35,47,41
48,40,58
60,69,42
34,43,44
49,58,45
43,40,56
44,42,58
45,50,49
40,41,48
66,66,39
43,55,40
56,58,48
57,55,53
52,52,40
60,45,67
40,41,50
41,48,50
50,47,51
51,44,61
59,61,50
43,47,33
55,50,54
59,41,69
42,45,44
45,44,59
49,48,57
52,42,61
57,60,46
32,33,50
51,49,56
49,40,55
42,45,39
48,47,53
43,42,55
58,57,52
39,45,46
47,38,62
50,55,39
46,54,43
62,60,47
37,45,48
28,34,52
52,57,42
48,61,27
61,53,66
53,45,60
34,25,75
42,39,51
34,44,40
52,68,31
50,51,43
42,48,43
64,62,42
38,43,52
52,57,45
36,32,67
50,50,53
63,66,44
42,53,39
54,42,57
69,55,61
41,45,45
52,43,56
52,49,53
47,55,41
60,56,52
51,47,51
49,62,34
39,44,51
59,61,37
58,64,49
60,57,58
45,35,69
54,53,49
35,47,35
38,35,52
45,42,48
37,40,53
42,41,59
53,45,64
20,36,36
45,42,57
65,65,44
62,50,62
68,71,42
55,54,49
68,73,44
51,36,67
51,64,29
43,57,34
52,56,40
40,34,68
39,43,48
42,41,57
52,52,53
40,55,43
61,54,56
54,49,52
48,48,61
54,54,46
64,57,60
56,51,54
48,53,42
50,54,44
52,47,60
40,39,47
60,42,69
37,34,60
53,60,40
53,49,54
45,42,51
53,44,66
57,69,38
57,44,66
65,68,45
57,58,48
43,40,52
54,47,55
33,43,38
64,52,55
47,50,48
77,59,66
44,40,51
51,54,43
62,57,54
43,45,45
55,52,40
29,32,50
67,62,48
59,54,55
67,55,59
58,56,48
44,40,70
48,54,43
51,46,46
54,69,22
54,48,61
41,48,40
49,42,55
66,58,56
59,63,37
60,49,58
43,35,65
58,54,52
65,69,38
34,25,70
35,39,45
60,54,57
42,46,52
52,60,49
56,47,57
30,26,66
63,63,51
59,66,33
47,59,34
57,52,58
41,56,48
47,46,51
63,55,65
54,49,55
47,48,45
50,52,48
51,34,76
34,41,54
44,52,47
40,39,59
63,58,49
26,36,40
49,49,51
55,51,44
50,44,62
72,71,54
54,50,66
59,57,49
45,54,36
60,77,26
39,47,37
45,56,39
59,59,47
58,55,61
66,67,44
67,50,65
40,38,60
59,75,26
52,56,48
45,51,39
47,53,46
32,23,68
26,37,44
49,47,50
69,60,47
32,36,61
56,49,64
39,45,45
40,40,48
43,39,57
57,56,51
51,63,40
58,51,56
61,52,52
35,36,53
49,52,58
46,51,41
58,54,46
35,41,44
48,52,45
73,57,60
61,56,59
51,60,34
51,56,41
50,36,57
32,19,74
48,56,39
69,65,47
50,68,31
38,49,36
68,60,55
61,46,48
64,58,55
43,48,46
37,18,67
65,55,64
36,50,35
59,67,33
38,44,48
57,56,53
45,46,53
42,49,48
60,55,59
56,54,46
37,37,55
47,52,29
57,65,39
47,56,37
44,43,50
54,51,61
63,68,48
59,52,64
51,60,39
45,54,36
48,50,52
46,41,63
62,68,28
44,45,51
51,50,54
42,46,40
